Ticker,Company,Sector,Industry,,,,,,,,,,,,,,,,,,,,,,,,,,,,,
A,"Agilent Technologies, Inc.",Healthcare,Diagnostics & Research,,,,,,,,,,,,,,,,,,,,,,,,,,,,,
AAL,American Airlines Group Inc.,Industrials,Airlines,,,,,,,,,,,,,,,,,,,,,,,,,,,,,
AAP,"Advance Auto Parts, Inc.",Consumer Cyclical,Specialty Retail,,,,,,,,,,,,,,,,,,,,,,,,,,,,,
AAPL,Apple Inc.,Technology,Consumer Electronics,,,,,,,,,,,,,,,,,,,,,,,,,,,,,
ABBV,AbbVie Inc.,Healthcare,Drug Manufacturers - General,,,,,,,,,,,,,,,,,,,,,,,,,,,,,
ABC,AmerisourceBergen Corporation,Healthcare,Medical Distribution,,,,,,,,,,,,,,,,,,,,,,,,,,,,,
ABMD,"Abiomed, Inc.",Healthcare,Medical Devices,,,,,,,,,,,,,,,,,,,,,,,,,,,,,
ABT,Abbott Laboratories,Healthcare,Medical Devices,,,,,,,,,,,,,,,,,,,,,,,,,,,,,
ACN,Accenture plc,Technology,Information Technology Services,,,,,,,,,,,,,,,,,,,,,,,,,,,,,
ADBE,Adobe Inc.,Technology,Software - Infrastructure,,,,,,,,,,,,,,,,,,,,,,,,,,,,,
ADI,"Analog Devices, Inc.",Technology,Semiconductors,,,,,,,,,,,,,,,,,,,,,,,,,,,,,
ADM,Archer-Daniels-Midland Company,Consumer Defensive,Farm Products,,,,,,,,,,,,,,,,,,,,,,,,,,,,,
ADP,"Automatic Data Processing, Inc.",Industrials,Staffing & Employment Services,,,,,,,,,,,,,,,,,,,,,,,,,,,,,
ADSK,"Autodesk, Inc.",Technology,Software - Application,,,,,,,,,,,,,,,,,,,,,,,,,,,,,
AEE,Ameren Corporation,Utilities,Utilities - Regulated Electric,,,,,,,,,,,,,,,,,,,,,,,,,,,,,
AEP,"American Electric Power Company, Inc.",Utilities,Utilities - Regulated Electric,,,,,,,,,,,,,,,,,,,,,,,,,,,,,
AES,The AES Corporation,Utilities,Utilities - Diversified,,,,,,,,,,,,,,,,,,,,,,,,,,,,,
AFL,Aflac Incorporated,Financial,Insurance - Life,,,,,,,,,,,,,,,,,,,,,,,,,,,,,
AIG,"American International Group, Inc.",Financial,Insurance - Diversified,,,,,,,,,,,,,,,,,,,,,,,,,,,,,
AIV,Apartment Investment and Management Company,Real Estate,REIT - Residential,,,,,,,,,,,,,,,,,,,,,,,,,,,,,
AIZ,"Assurant, Inc.",Financial,Insurance - Specialty,,,,,,,,,,,,,,,,,,,,,,,,,,,,,
AJG,Arthur J. Gallagher & Co.,Financial,Insurance Brokers,,,,,,,,,,,,,,,,,,,,,,,,,,,,,
AKAM,"Akamai Technologies, Inc.",Technology,Software - Infrastructure,,,,,,,,,,,,,,,,,,,,,,,,,,,,,
ALB,Albemarle Corporation,Basic Materials,Specialty Chemicals,,,,,,,,,,,,,,,,,,,,,,,,,,,,,
ALGN,"Align Technology, Inc.",Healthcare,Medical Devices,,,,,,,,,,,,,,,,,,,,,,,,,,,,,
ALK,"Alaska Air Group, Inc.",Industrials,Airlines,,,,,,,,,,,,,,,,,,,,,,,,,,,,,
ALL,The Allstate Corporation,Financial,Insurance - Property & Casualty,,,,,,,,,,,,,,,,,,,,,,,,,,,,,
ALLE,Allegion plc,Industrials,Security & Protection Services,,,,,,,,,,,,,,,,,,,,,,,,,,,,,
ALXN,"Alexion Pharmaceuticals, Inc.",Healthcare,Biotechnology,,,,,,,,,,,,,,,,,,,,,,,,,,,,,
AMAT,"Applied Materials, Inc.",Technology,Semiconductor Equipment & Materials,,,,,,,,,,,,,,,,,,,,,,,,,,,,,
AMCR,Amcor plc,Consumer Cyclical,Packaging & Containers,,,,,,,,,,,,,,,,,,,,,,,,,,,,,
AMD,"Advanced Micro Devices, Inc.",Technology,Semiconductors,,,,,,,,,,,,,,,,,,,,,,,,,,,,,
AME,"AMETEK, Inc.",Industrials,Specialty Industrial Machinery,,,,,,,,,,,,,,,,,,,,,,,,,,,,,
AMGN,Amgen Inc.,Healthcare,Drug Manufacturers - General,,,,,,,,,,,,,,,,,,,,,,,,,,,,,
AMP,"Ameriprise Financial, Inc.",Financial,Asset Management,,,,,,,,,,,,,,,,,,,,,,,,,,,,,
AMT,American Tower Corporation (REIT),Real Estate,REIT - Specialty,,,,,,,,,,,,,,,,,,,,,,,,,,,,,
AMZN,"Amazon.com, Inc.",Consumer Cyclical,Internet Retail,,,,,,,,,,,,,,,,,,,,,,,,,,,,,
ANET,"Arista Networks, Inc.",Technology,Computer Hardware,,,,,,,,,,,,,,,,,,,,,,,,,,,,,
ANSS,"ANSYS, Inc.",Technology,Software - Application,,,,,,,,,,,,,,,,,,,,,,,,,,,,,
ANTM,"Anthem, Inc.",Healthcare,Healthcare Plans,,,,,,,,,,,,,,,,,,,,,,,,,,,,,
AON,Aon Plc,Financial,Insurance Brokers,,,,,,,,,,,,,,,,,,,,,,,,,,,,,
AOS,A. O. Smith Corporation,Industrials,Specialty Industrial Machinery,,,,,,,,,,,,,,,,,,,,,,,,,,,,,
APA,Apache Corporation,Energy,Oil & Gas E&P,,,,,,,,,,,,,,,,,,,,,,,,,,,,,
APD,"Air Products and Chemicals, Inc.",Basic Materials,Chemicals,,,,,,,,,,,,,,,,,,,,,,,,,,,,,
APH,Amphenol Corporation,Technology,Electronic Components,,,,,,,,,,,,,,,,,,,,,,,,,,,,,
APTV,Aptiv PLC,Consumer Cyclical,Auto Parts,,,,,,,,,,,,,,,,,,,,,,,,,,,,,
ARE,"Alexandria Real Estate Equities, Inc.",Real Estate,REIT - Office,,,,,,,,,,,,,,,,,,,,,,,,,,,,,
ATO,Atmos Energy Corporation,Utilities,Utilities - Regulated Gas,,,,,,,,,,,,,,,,,,,,,,,,,,,,,
ATVI,"Activision Blizzard, Inc.",Communication Services,Electronic Gaming & Multimedia,,,,,,,,,,,,,,,,,,,,,,,,,,,,,
AVB,"AvalonBay Communities, Inc.",Real Estate,REIT - Residential,,,,,,,,,,,,,,,,,,,,,,,,,,,,,
AVGO,Broadcom Inc.,Technology,Semiconductors,,,,,,,,,,,,,,,,,,,,,,,,,,,,,
AVY,Avery Dennison Corporation,Industrials,Business Equipment & Supplies,,,,,,,,,,,,,,,,,,,,,,,,,,,,,
AWK,"American Water Works Company, Inc.",Utilities,Utilities - Regulated Water,,,,,,,,,,,,,,,,,,,,,,,,,,,,,
AXP,American Express Company,Financial,Credit Services,,,,,,,,,,,,,,,,,,,,,,,,,,,,,
AZO,"AutoZone, Inc.",Consumer Cyclical,Specialty Retail,,,,,,,,,,,,,,,,,,,,,,,,,,,,,
BA,The Boeing Company,Industrials,Aerospace & Defense,,,,,,,,,,,,,,,,,,,,,,,,,,,,,
BAC,Bank of America Corporation,Financial,Banks - Diversified,,,,,,,,,,,,,,,,,,,,,,,,,,,,,
BAX,Baxter International Inc.,Healthcare,Medical Instruments & Supplies,,,,,,,,,,,,,,,,,,,,,,,,,,,,,
BBY,"Best Buy Co., Inc.",Consumer Cyclical,Specialty Retail,,,,,,,,,,,,,,,,,,,,,,,,,,,,,
BDX,"Becton, Dickinson and Company",Healthcare,Medical Instruments & Supplies,,,,,,,,,,,,,,,,,,,,,,,,,,,,,
BEN,"Franklin Resources, Inc.",Financial,Asset Management,,,,,,,,,,,,,,,,,,,,,,,,,,,,,
BF-B,Brown-Forman Corporation,Consumer Defensive,Beverages - Wineries & Distilleries,,,,,,,,,,,,,,,,,,,,,,,,,,,,,
BIIB,Biogen Inc.,Healthcare,Drug Manufacturers - General,,,,,,,,,,,,,,,,,,,,,,,,,,,,,
BIO,"Bio-Rad Laboratories, Inc.",Healthcare,Medical Devices,,,,,,,,,,,,,,,,,,,,,,,,,,,,,
BK,The Bank of New York Mellon Corporation,Financial,Asset Management,,,,,,,,,,,,,,,,,,,,,,,,,,,,,
BKNG,Booking Holdings Inc.,Consumer Cyclical,Travel Services,,,,,,,,,,,,,,,,,,,,,,,,,,,,,
BKR,Baker Hughes Company,Energy,Oil & Gas Equipment & Services,,,,,,,,,,,,,,,,,,,,,,,,,,,,,
BLK,"BlackRock, Inc.",Financial,Asset Management,,,,,,,,,,,,,,,,,,,,,,,,,,,,,
BLL,Ball Corporation,Consumer Cyclical,Packaging & Containers,,,,,,,,,,,,,,,,,,,,,,,,,,,,,
BMY,Bristol-Myers Squibb Company,Healthcare,Drug Manufacturers - General,,,,,,,,,,,,,,,,,,,,,,,,,,,,,
BR,"Broadridge Financial Solutions, Inc.",Technology,Information Technology Services,,,,,,,,,,,,,,,,,,,,,,,,,,,,,
BRK-B,Berkshire Hathaway Inc.,Financial,Insurance - Diversified,,,,,,,,,,,,,,,,,,,,,,,,,,,,,
BSX,Boston Scientific Corporation,Healthcare,Medical Devices,,,,,,,,,,,,,,,,,,,,,,,,,,,,,
BWA,BorgWarner Inc.,Consumer Cyclical,Auto Parts,,,,,,,,,,,,,,,,,,,,,,,,,,,,,
BXP,"Boston Properties, Inc.",Real Estate,REIT - Office,,,,,,,,,,,,,,,,,,,,,,,,,,,,,
C,Citigroup Inc.,Financial,Banks - Diversified,,,,,,,,,,,,,,,,,,,,,,,,,,,,,
CAG,"Conagra Brands, Inc.",Consumer Defensive,Packaged Foods,,,,,,,,,,,,,,,,,,,,,,,,,,,,,
CAH,"Cardinal Health, Inc.",Healthcare,Medical Distribution,,,,,,,,,,,,,,,,,,,,,,,,,,,,,
CARR,Carrier Global Corporation,Industrials,Building Products & Equipment,,,,,,,,,,,,,,,,,,,,,,,,,,,,,
CAT,Caterpillar Inc.,Industrials,Farm & Heavy Construction Machinery,,,,,,,,,,,,,,,,,,,,,,,,,,,,,
CB,Chubb Limited,Financial,Insurance - Property & Casualty,,,,,,,,,,,,,,,,,,,,,,,,,,,,,
CBOE,"Cboe Global Markets, Inc.",Financial,Financial Data & Stock Exchanges,,,,,,,,,,,,,,,,,,,,,,,,,,,,,
CBRE,"CBRE Group, Inc.",Real Estate,Real Estate Services,,,,,,,,,,,,,,,,,,,,,,,,,,,,,
CCI,Crown Castle International Corp. (REIT),Real Estate,REIT - Specialty,,,,,,,,,,,,,,,,,,,,,,,,,,,,,
CCL,Carnival Corporation & Plc,Consumer Cyclical,Travel Services,,,,,,,,,,,,,,,,,,,,,,,,,,,,,
CDNS,"Cadence Design Systems, Inc.",Technology,Software - Application,,,,,,,,,,,,,,,,,,,,,,,,,,,,,
CDW,CDW Corporation,Technology,Information Technology Services,,,,,,,,,,,,,,,,,,,,,,,,,,,,,
CE,Celanese Corporation,Basic Materials,Chemicals,,,,,,,,,,,,,,,,,,,,,,,,,,,,,
CERN,Cerner Corporation,Healthcare,Health Information Services,,,,,,,,,,,,,,,,,,,,,,,,,,,,,
CF,"CF Industries Holdings, Inc.",Basic Materials,Agricultural Inputs,,,,,,,,,,,,,,,,,,,,,,,,,,,,,
CFG,"Citizens Financial Group, Inc.",Financial,Banks - Regional,,,,,,,,,,,,,,,,,,,,,,,,,,,,,
CHD,"Church & Dwight Co., Inc.",Consumer Defensive,Household & Personal Products,,,,,,,,,,,,,,,,,,,,,,,,,,,,,
CHRW,"C.H. Robinson Worldwide, Inc.",Industrials,Integrated Freight & Logistics,,,,,,,,,,,,,,,,,,,,,,,,,,,,,
CHTR,"Charter Communications, Inc.",Communication Services,Entertainment,,,,,,,,,,,,,,,,,,,,,,,,,,,,,
CI,Cigna Corporation,Healthcare,Healthcare Plans,,,,,,,,,,,,,,,,,,,,,,,,,,,,,
CINF,Cincinnati Financial Corporation,Financial,Insurance - Property & Casualty,,,,,,,,,,,,,,,,,,,,,,,,,,,,,
CL,Colgate-Palmolive Company,Consumer Defensive,Household & Personal Products,,,,,,,,,,,,,,,,,,,,,,,,,,,,,
CLX,The Clorox Company,Consumer Defensive,Household & Personal Products,,,,,,,,,,,,,,,,,,,,,,,,,,,,,
CMA,Comerica Incorporated,Financial,Banks - Regional,,,,,,,,,,,,,,,,,,,,,,,,,,,,,
CMCSA,Comcast Corporation,Communication Services,Entertainment,,,,,,,,,,,,,,,,,,,,,,,,,,,,,
CME,CME Group Inc.,Financial,Financial Data & Stock Exchanges,,,,,,,,,,,,,,,,,,,,,,,,,,,,,
CMG,"Chipotle Mexican Grill, Inc.",Consumer Cyclical,Restaurants,,,,,,,,,,,,,,,,,,,,,,,,,,,,,
CMI,Cummins Inc.,Industrials,Specialty Industrial Machinery,,,,,,,,,,,,,,,,,,,,,,,,,,,,,
CMS,CMS Energy Corporation,Utilities,Utilities - Regulated Electric,,,,,,,,,,,,,,,,,,,,,,,,,,,,,
CNC,Centene Corporation,Healthcare,Healthcare Plans,,,,,,,,,,,,,,,,,,,,,,,,,,,,,
CNP,"CenterPoint Energy, Inc.",Utilities,Utilities - Regulated Gas,,,,,,,,,,,,,,,,,,,,,,,,,,,,,
COF,Capital One Financial Corporation,Financial,Credit Services,,,,,,,,,,,,,,,,,,,,,,,,,,,,,
COG,Cabot Oil & Gas Corporation,Energy,Oil & Gas E&P,,,,,,,,,,,,,,,,,,,,,,,,,,,,,
COO,"The Cooper Companies, Inc.",Healthcare,Medical Instruments & Supplies,,,,,,,,,,,,,,,,,,,,,,,,,,,,,
COP,ConocoPhillips,Energy,Oil & Gas E&P,,,,,,,,,,,,,,,,,,,,,,,,,,,,,
COST,Costco Wholesale Corporation,Consumer Defensive,Discount Stores,,,,,,,,,,,,,,,,,,,,,,,,,,,,,
COTY,Coty Inc.,Consumer Defensive,Household & Personal Products,,,,,,,,,,,,,,,,,,,,,,,,,,,,,
CPB,Campbell Soup Company,Consumer Defensive,Packaged Foods,,,,,,,,,,,,,,,,,,,,,,,,,,,,,
CPRT,"Copart, Inc.",Industrials,Specialty Business Services,,,,,,,,,,,,,,,,,,,,,,,,,,,,,
CRM,"salesforce.com, inc.",Technology,Software - Application,,,,,,,,,,,,,,,,,,,,,,,,,,,,,
CSCO,"Cisco Systems, Inc.",Technology,Communication Equipment,,,,,,,,,,,,,,,,,,,,,,,,,,,,,
CSX,CSX Corporation,Industrials,Railroads,,,,,,,,,,,,,,,,,,,,,,,,,,,,,
CTAS,Cintas Corporation,Industrials,Specialty Business Services,,,,,,,,,,,,,,,,,,,,,,,,,,,,,
CTL,"CenturyLink, Inc.",Communication Services,Telecom Services,,,,,,,,,,,,,,,,,,,,,,,,,,,,,
CTSH,Cognizant Technology Solutions Corporation,Technology,Information Technology Services,,,,,,,,,,,,,,,,,,,,,,,,,,,,,
CTVA,"Corteva, Inc.",Basic Materials,Agricultural Inputs,,,,,,,,,,,,,,,,,,,,,,,,,,,,,
CTXS,"Citrix Systems, Inc.",Technology,Software - Application,,,,,,,,,,,,,,,,,,,,,,,,,,,,,
CVS,CVS Health Corporation,Healthcare,Healthcare Plans,,,,,,,,,,,,,,,,,,,,,,,,,,,,,
CVX,Chevron Corporation,Energy,Oil & Gas Integrated,,,,,,,,,,,,,,,,,,,,,,,,,,,,,
CXO,Concho Resources Inc.,Energy,Oil & Gas E&P,,,,,,,,,,,,,,,,,,,,,,,,,,,,,
D,"Dominion Energy, Inc.",Utilities,Utilities - Diversified,,,,,,,,,,,,,,,,,,,,,,,,,,,,,
DAL,"Delta Air Lines, Inc.",Industrials,Airlines,,,,,,,,,,,,,,,,,,,,,,,,,,,,,
DD,"DuPont de Nemours, Inc.",Basic Materials,Chemicals,,,,,,,,,,,,,,,,,,,,,,,,,,,,,
DE,Deere & Company,Industrials,Farm & Heavy Construction Machinery,,,,,,,,,,,,,,,,,,,,,,,,,,,,,
DFS,Discover Financial Services,Financial,Credit Services,,,,,,,,,,,,,,,,,,,,,,,,,,,,,
DG,Dollar General Corporation,Consumer Defensive,Discount Stores,,,,,,,,,,,,,,,,,,,,,,,,,,,,,
DGX,Quest Diagnostics Incorporated,Healthcare,Diagnostics & Research,,,,,,,,,,,,,,,,,,,,,,,,,,,,,
DHI,"D.R. Horton, Inc.",Consumer Cyclical,Residential Construction,,,,,,,,,,,,,,,,,,,,,,,,,,,,,
DHR,Danaher Corporation,Healthcare,Diagnostics & Research,,,,,,,,,,,,,,,,,,,,,,,,,,,,,
DIS,The Walt Disney Company,Communication Services,Entertainment,,,,,,,,,,,,,,,,,,,,,,,,,,,,,
DISCA,"Discovery, Inc.",Communication Services,Entertainment,,,,,,,,,,,,,,,,,,,,,,,,,,,,,
DISCK,"Discovery, Inc.",Communication Services,Entertainment,,,,,,,,,,,,,,,,,,,,,,,,,,,,,
DISH,DISH Network Corporation,Communication Services,Entertainment,,,,,,,,,,,,,,,,,,,,,,,,,,,,,
DLR,"Digital Realty Trust, Inc.",Real Estate,REIT - Office,,,,,,,,,,,,,,,,,,,,,,,,,,,,,
DLTR,"Dollar Tree, Inc.",Consumer Defensive,Discount Stores,,,,,,,,,,,,,,,,,,,,,,,,,,,,,
DOV,Dover Corporation,Industrials,Specialty Industrial Machinery,,,,,,,,,,,,,,,,,,,,,,,,,,,,,
DOW,Dow Inc.,Basic Materials,Chemicals,,,,,,,,,,,,,,,,,,,,,,,,,,,,,
DPZ,"Domino's Pizza, Inc.",Consumer Cyclical,Restaurants,,,,,,,,,,,,,,,,,,,,,,,,,,,,,
DRE,Duke Realty Corporation,Real Estate,REIT - Industrial,,,,,,,,,,,,,,,,,,,,,,,,,,,,,
DRI,"Darden Restaurants, Inc.",Consumer Cyclical,Restaurants,,,,,,,,,,,,,,,,,,,,,,,,,,,,,
DTE,DTE Energy Company,Utilities,Utilities - Regulated Electric,,,,,,,,,,,,,,,,,,,,,,,,,,,,,
DUK,Duke Energy Corporation,Utilities,Utilities - Regulated Electric,,,,,,,,,,,,,,,,,,,,,,,,,,,,,
DVA,DaVita Inc.,Healthcare,Medical Care Facilities,,,,,,,,,,,,,,,,,,,,,,,,,,,,,
DVN,Devon Energy Corporation,Energy,Oil & Gas E&P,,,,,,,,,,,,,,,,,,,,,,,,,,,,,
DXC,DXC Technology Company,Technology,Information Technology Services,,,,,,,,,,,,,,,,,,,,,,,,,,,,,
DXCM,"DexCom, Inc.",Healthcare,Diagnostics & Research,,,,,,,,,,,,,,,,,,,,,,,,,,,,,
EA,Electronic Arts Inc.,Communication Services,Electronic Gaming & Multimedia,,,,,,,,,,,,,,,,,,,,,,,,,,,,,
EBAY,eBay Inc.,Consumer Cyclical,Internet Retail,,,,,,,,,,,,,,,,,,,,,,,,,,,,,
ECL,Ecolab Inc.,Basic Materials,Specialty Chemicals,,,,,,,,,,,,,,,,,,,,,,,,,,,,,
ED,"Consolidated Edison, Inc.",Utilities,Utilities - Regulated Electric,,,,,,,,,,,,,,,,,,,,,,,,,,,,,
EFX,Equifax Inc.,Industrials,Consulting Services,,,,,,,,,,,,,,,,,,,,,,,,,,,,,
EIX,Edison International,Utilities,Utilities - Regulated Electric,,,,,,,,,,,,,,,,,,,,,,,,,,,,,
EL,The Estee Lauder Companies Inc.,Consumer Defensive,Household & Personal Products,,,,,,,,,,,,,,,,,,,,,,,,,,,,,
EMN,Eastman Chemical Company,Basic Materials,Chemicals,,,,,,,,,,,,,,,,,,,,,,,,,,,,,
EMR,Emerson Electric Co.,Industrials,Specialty Industrial Machinery,,,,,,,,,,,,,,,,,,,,,,,,,,,,,
EOG,"EOG Resources, Inc.",Energy,Oil & Gas E&P,,,,,,,,,,,,,,,,,,,,,,,,,,,,,
EQIX,"Equinix, Inc. (REIT)",Real Estate,REIT - Specialty,,,,,,,,,,,,,,,,,,,,,,,,,,,,,
EQR,Equity Residential,Real Estate,REIT - Residential,,,,,,,,,,,,,,,,,,,,,,,,,,,,,
ES,Eversource Energy,Utilities,Utilities - Regulated Electric,,,,,,,,,,,,,,,,,,,,,,,,,,,,,
ESS,"Essex Property Trust, Inc.",Real Estate,REIT - Residential,,,,,,,,,,,,,,,,,,,,,,,,,,,,,
ETFC,E*TRADE Financial Corporation,Financial,Capital Markets,,,,,,,,,,,,,,,,,,,,,,,,,,,,,
ETN,Eaton Corporation plc,Industrials,Specialty Industrial Machinery,,,,,,,,,,,,,,,,,,,,,,,,,,,,,
ETR,Entergy Corporation,Utilities,Utilities - Diversified,,,,,,,,,,,,,,,,,,,,,,,,,,,,,
EVRG,"Evergy, Inc.",Utilities,Utilities - Regulated Electric,,,,,,,,,,,,,,,,,,,,,,,,,,,,,
EW,Edwards Lifesciences Corporation,Healthcare,Medical Devices,,,,,,,,,,,,,,,,,,,,,,,,,,,,,
EXC,Exelon Corporation,Utilities,Utilities - Diversified,,,,,,,,,,,,,,,,,,,,,,,,,,,,,
EXPD,"Expeditors International of Washington, Inc.",Industrials,Integrated Freight & Logistics,,,,,,,,,,,,,,,,,,,,,,,,,,,,,
EXPE,"Expedia Group, Inc.",Consumer Cyclical,Travel Services,,,,,,,,,,,,,,,,,,,,,,,,,,,,,
EXR,Extra Space Storage Inc.,Real Estate,REIT - Industrial,,,,,,,,,,,,,,,,,,,,,,,,,,,,,
F,Ford Motor Company,Consumer Cyclical,Auto Manufacturers,,,,,,,,,,,,,,,,,,,,,,,,,,,,,
FANG,"Diamondback Energy, Inc.",Energy,Oil & Gas E&P,,,,,,,,,,,,,,,,,,,,,,,,,,,,,
FAST,Fastenal Company,Industrials,Industrial Distribution,,,,,,,,,,,,,,,,,,,,,,,,,,,,,
FB,"Facebook, Inc.",Communication Services,Internet Content & Information,,,,,,,,,,,,,,,,,,,,,,,,,,,,,
FBHS,"Fortune Brands Home & Security, Inc.",Consumer Cyclical,"Furnishings, Fixtures & Appliances",,,,,,,,,,,,,,,,,,,,,,,,,,,,,
FCX,Freeport-McMoRan Inc.,Basic Materials,Copper,,,,,,,,,,,,,,,,,,,,,,,,,,,,,
FDX,FedEx Corporation,Industrials,Integrated Freight & Logistics,,,,,,,,,,,,,,,,,,,,,,,,,,,,,
FE,FirstEnergy Corp.,Utilities,Utilities - Diversified,,,,,,,,,,,,,,,,,,,,,,,,,,,,,
FFIV,"F5 Networks, Inc.",Technology,Software - Infrastructure,,,,,,,,,,,,,,,,,,,,,,,,,,,,,
FIS,"Fidelity National Information Services, Inc.",Technology,Information Technology Services,,,,,,,,,,,,,,,,,,,,,,,,,,,,,
FISV,"Fiserv, Inc.",Technology,Information Technology Services,,,,,,,,,,,,,,,,,,,,,,,,,,,,,
FITB,Fifth Third Bancorp,Financial,Banks - Regional,,,,,,,,,,,,,,,,,,,,,,,,,,,,,
FLIR,"FLIR Systems, Inc.",Technology,Scientific & Technical Instruments,,,,,,,,,,,,,,,,,,,,,,,,,,,,,
FLS,Flowserve Corporation,Industrials,Specialty Industrial Machinery,,,,,,,,,,,,,,,,,,,,,,,,,,,,,
FLT,"FLEETCOR Technologies, Inc.",Technology,Information Technology Services,,,,,,,,,,,,,,,,,,,,,,,,,,,,,
FMC,FMC Corporation,Basic Materials,Agricultural Inputs,,,,,,,,,,,,,,,,,,,,,,,,,,,,,
FOX,Fox Corporation,Communication Services,Broadcasting,,,,,,,,,,,,,,,,,,,,,,,,,,,,,
FOXA,Fox Corporation,Communication Services,Broadcasting,,,,,,,,,,,,,,,,,,,,,,,,,,,,,
FRC,First Republic Bank,Financial,Banks - Regional,,,,,,,,,,,,,,,,,,,,,,,,,,,,,
FRT,Federal Realty Investment Trust,Real Estate,REIT - Retail,,,,,,,,,,,,,,,,,,,,,,,,,,,,,
FTI,TechnipFMC plc,Energy,Oil & Gas Equipment & Services,,,,,,,,,,,,,,,,,,,,,,,,,,,,,
FTNT,"Fortinet, Inc.",Technology,Software - Infrastructure,,,,,,,,,,,,,,,,,,,,,,,,,,,,,
FTV,Fortive Corporation,Technology,Scientific & Technical Instruments,,,,,,,,,,,,,,,,,,,,,,,,,,,,,
GD,General Dynamics Corporation,Industrials,Aerospace & Defense,,,,,,,,,,,,,,,,,,,,,,,,,,,,,
GE,General Electric Company,Industrials,Specialty Industrial Machinery,,,,,,,,,,,,,,,,,,,,,,,,,,,,,
GILD,"Gilead Sciences, Inc.",Healthcare,Drug Manufacturers - General,,,,,,,,,,,,,,,,,,,,,,,,,,,,,
GIS,"General Mills, Inc.",Consumer Defensive,Packaged Foods,,,,,,,,,,,,,,,,,,,,,,,,,,,,,
GL,Globe Life Inc.,Financial,Insurance - Life,,,,,,,,,,,,,,,,,,,,,,,,,,,,,
GLW,Corning Incorporated,Technology,Electronic Components,,,,,,,,,,,,,,,,,,,,,,,,,,,,,
GM,General Motors Company,Consumer Cyclical,Auto Manufacturers,,,,,,,,,,,,,,,,,,,,,,,,,,,,,
GOOG,Alphabet Inc.,Communication Services,Internet Content & Information,,,,,,,,,,,,,,,,,,,,,,,,,,,,,
GOOGL,Alphabet Inc.,Communication Services,Internet Content & Information,,,,,,,,,,,,,,,,,,,,,,,,,,,,,
GPC,Genuine Parts Company,Consumer Cyclical,Specialty Retail,,,,,,,,,,,,,,,,,,,,,,,,,,,,,
GPN,Global Payments Inc.,Industrials,Specialty Business Services,,,,,,,,,,,,,,,,,,,,,,,,,,,,,
GPS,"The Gap, Inc.",Consumer Cyclical,Apparel Retail,,,,,,,,,,,,,,,,,,,,,,,,,,,,,
GRMN,Garmin Ltd.,Technology,Scientific & Technical Instruments,,,,,,,,,,,,,,,,,,,,,,,,,,,,,
GS,"The Goldman Sachs Group, Inc.",Financial,Capital Markets,,,,,,,,,,,,,,,,,,,,,,,,,,,,,
GWW,"W.W. Grainger, Inc.",Industrials,Industrial Distribution,,,,,,,,,,,,,,,,,,,,,,,,,,,,,
HAL,Halliburton Company,Energy,Oil & Gas Equipment & Services,,,,,,,,,,,,,,,,,,,,,,,,,,,,,
HAS,"Hasbro, Inc.",Consumer Cyclical,Leisure,,,,,,,,,,,,,,,,,,,,,,,,,,,,,
HBAN,Huntington Bancshares Incorporated,Financial,Banks - Regional,,,,,,,,,,,,,,,,,,,,,,,,,,,,,
HBI,Hanesbrands Inc.,Consumer Cyclical,Apparel Manufacturing,,,,,,,,,,,,,,,,,,,,,,,,,,,,,
HCA,"HCA Healthcare, Inc.",Healthcare,Medical Care Facilities,,,,,,,,,,,,,,,,,,,,,,,,,,,,,
HD,"The Home Depot, Inc.",Consumer Cyclical,Home Improvement Retail,,,,,,,,,,,,,,,,,,,,,,,,,,,,,
HES,Hess Corporation,Energy,Oil & Gas E&P,,,,,,,,,,,,,,,,,,,,,,,,,,,,,
HFC,HollyFrontier Corporation,Energy,Oil & Gas Refining & Marketing,,,,,,,,,,,,,,,,,,,,,,,,,,,,,
HIG,"The Hartford Financial Services Group, Inc.",Financial,Insurance - Diversified,,,,,,,,,,,,,,,,,,,,,,,,,,,,,
HII,"Huntington Ingalls Industries, Inc.",Industrials,Aerospace & Defense,,,,,,,,,,,,,,,,,,,,,,,,,,,,,
HLT,Hilton Worldwide Holdings Inc.,Consumer Cyclical,Lodging,,,,,,,,,,,,,,,,,,,,,,,,,,,,,
HOLX,"Hologic, Inc.",Healthcare,Medical Instruments & Supplies,,,,,,,,,,,,,,,,,,,,,,,,,,,,,
HON,Honeywell International Inc.,Industrials,Specialty Industrial Machinery,,,,,,,,,,,,,,,,,,,,,,,,,,,,,
HPE,Hewlett Packard Enterprise Company,Technology,Communication Equipment,,,,,,,,,,,,,,,,,,,,,,,,,,,,,
HPQ,HP Inc.,Technology,Computer Hardware,,,,,,,,,,,,,,,,,,,,,,,,,,,,,
HRB,"H&R Block, Inc.",Consumer Cyclical,Personal Services,,,,,,,,,,,,,,,,,,,,,,,,,,,,,
HRL,Hormel Foods Corporation,Consumer Defensive,Packaged Foods,,,,,,,,,,,,,,,,,,,,,,,,,,,,,
HSIC,"Henry Schein, Inc.",Healthcare,Medical Distribution,,,,,,,,,,,,,,,,,,,,,,,,,,,,,
HST,"Host Hotels & Resorts, Inc.",Real Estate,REIT - Hotel & Motel,,,,,,,,,,,,,,,,,,,,,,,,,,,,,
HSY,The Hershey Company,Consumer Defensive,Confectioners,,,,,,,,,,,,,,,,,,,,,,,,,,,,,
HUM,Humana Inc.,Healthcare,Healthcare Plans,,,,,,,,,,,,,,,,,,,,,,,,,,,,,
HWM,Howmet Aerospace Inc.,Industrials,Specialty Industrial Machinery,,,,,,,,,,,,,,,,,,,,,,,,,,,,,
IBM,International Business Machines Corporation,Technology,Information Technology Services,,,,,,,,,,,,,,,,,,,,,,,,,,,,,
ICE,"Intercontinental Exchange, Inc.",Financial,Financial Data & Stock Exchanges,,,,,,,,,,,,,,,,,,,,,,,,,,,,,
IDXX,"IDEXX Laboratories, Inc.",Healthcare,Diagnostics & Research,,,,,,,,,,,,,,,,,,,,,,,,,,,,,
IEX,IDEX Corporation,Industrials,Specialty Industrial Machinery,,,,,,,,,,,,,,,,,,,,,,,,,,,,,
IFF,International Flavors & Fragrances Inc.,Basic Materials,Specialty Chemicals,,,,,,,,,,,,,,,,,,,,,,,,,,,,,
ILMN,"Illumina, Inc.",Healthcare,Diagnostics & Research,,,,,,,,,,,,,,,,,,,,,,,,,,,,,
INCY,Incyte Corporation,Healthcare,Biotechnology,,,,,,,,,,,,,,,,,,,,,,,,,,,,,
INFO,IHS Markit Ltd.,Industrials,Consulting Services,,,,,,,,,,,,,,,,,,,,,,,,,,,,,
INTC,Intel Corporation,Technology,Semiconductors,,,,,,,,,,,,,,,,,,,,,,,,,,,,,
INTU,Intuit Inc.,Technology,Software - Application,,,,,,,,,,,,,,,,,,,,,,,,,,,,,
IP,International Paper Company,Consumer Cyclical,Packaging & Containers,,,,,,,,,,,,,,,,,,,,,,,,,,,,,
IPG,"The Interpublic Group of Companies, Inc.",Communication Services,Advertising Agencies,,,,,,,,,,,,,,,,,,,,,,,,,,,,,
IPGP,IPG Photonics Corporation,Technology,Semiconductor Equipment & Materials,,,,,,,,,,,,,,,,,,,,,,,,,,,,,
IQV,IQVIA Holdings Inc.,Healthcare,Diagnostics & Research,,,,,,,,,,,,,,,,,,,,,,,,,,,,,
IR,Ingersoll Rand Inc.,Industrials,Specialty Industrial Machinery,,,,,,,,,,,,,,,,,,,,,,,,,,,,,
IRM,Iron Mountain Incorporated,Real Estate,REIT - Specialty,,,,,,,,,,,,,,,,,,,,,,,,,,,,,
ISRG,"Intuitive Surgical, Inc.",Healthcare,Medical Instruments & Supplies,,,,,,,,,,,,,,,,,,,,,,,,,,,,,
IT,"Gartner, Inc.",Technology,Information Technology Services,,,,,,,,,,,,,,,,,,,,,,,,,,,,,
ITW,Illinois Tool Works Inc.,Industrials,Specialty Industrial Machinery,,,,,,,,,,,,,,,,,,,,,,,,,,,,,
IVZ,Invesco Ltd.,Financial,Asset Management,,,,,,,,,,,,,,,,,,,,,,,,,,,,,
J,Jacobs Engineering Group Inc.,Industrials,Engineering & Construction,,,,,,,,,,,,,,,,,,,,,,,,,,,,,
JBHT,"J.B. Hunt Transport Services, Inc.",Industrials,Integrated Freight & Logistics,,,,,,,,,,,,,,,,,,,,,,,,,,,,,
JCI,Johnson Controls International plc,Industrials,Engineering & Construction,,,,,,,,,,,,,,,,,,,,,,,,,,,,,
JKHY,"Jack Henry & Associates, Inc.",Technology,Information Technology Services,,,,,,,,,,,,,,,,,,,,,,,,,,,,,
JNJ,Johnson & Johnson,Healthcare,Drug Manufacturers - General,,,,,,,,,,,,,,,,,,,,,,,,,,,,,
JNPR,"Juniper Networks, Inc.",Technology,Communication Equipment,,,,,,,,,,,,,,,,,,,,,,,,,,,,,
JPM,JPMorgan Chase & Co.,Financial,Banks - Diversified,,,,,,,,,,,,,,,,,,,,,,,,,,,,,
K,Kellogg Company,Consumer Defensive,Packaged Foods,,,,,,,,,,,,,,,,,,,,,,,,,,,,,
KEY,KeyCorp,Financial,Banks - Regional,,,,,,,,,,,,,,,,,,,,,,,,,,,,,
KEYS,"Keysight Technologies, Inc.",Technology,Scientific & Technical Instruments,,,,,,,,,,,,,,,,,,,,,,,,,,,,,
KHC,The Kraft Heinz Company,Consumer Defensive,Packaged Foods,,,,,,,,,,,,,,,,,,,,,,,,,,,,,
KIM,Kimco Realty Corporation,Real Estate,REIT - Retail,,,,,,,,,,,,,,,,,,,,,,,,,,,,,
KLAC,KLA Corporation,Technology,Semiconductor Equipment & Materials,,,,,,,,,,,,,,,,,,,,,,,,,,,,,
KMB,Kimberly-Clark Corporation,Consumer Defensive,Household & Personal Products,,,,,,,,,,,,,,,,,,,,,,,,,,,,,
KMI,"Kinder Morgan, Inc.",Energy,Oil & Gas Midstream,,,,,,,,,,,,,,,,,,,,,,,,,,,,,
KMX,"CarMax, Inc.",Consumer Cyclical,Auto & Truck Dealerships,,,,,,,,,,,,,,,,,,,,,,,,,,,,,
KO,The Coca-Cola Company,Consumer Defensive,Beverages - Non-Alcoholic,,,,,,,,,,,,,,,,,,,,,,,,,,,,,
KR,The Kroger Co.,Consumer Defensive,Grocery Stores,,,,,,,,,,,,,,,,,,,,,,,,,,,,,
KSS,Kohl's Corporation,Consumer Cyclical,Department Stores,,,,,,,,,,,,,,,,,,,,,,,,,,,,,
KSU,Kansas City Southern,Industrials,Railroads,,,,,,,,,,,,,,,,,,,,,,,,,,,,,
L,Loews Corporation,Financial,Insurance - Property & Casualty,,,,,,,,,,,,,,,,,,,,,,,,,,,,,
LB,"L Brands, Inc.",Consumer Cyclical,Apparel Retail,,,,,,,,,,,,,,,,,,,,,,,,,,,,,
LDOS,"Leidos Holdings, Inc.",Technology,Information Technology Services,,,,,,,,,,,,,,,,,,,,,,,,,,,,,
LEG,"Leggett & Platt, Incorporated",Consumer Cyclical,"Furnishings, Fixtures & Appliances",,,,,,,,,,,,,,,,,,,,,,,,,,,,,
LEN,Lennar Corporation,Consumer Cyclical,Residential Construction,,,,,,,,,,,,,,,,,,,,,,,,,,,,,
LH,Laboratory Corporation of America Holdings,Healthcare,Diagnostics & Research,,,,,,,,,,,,,,,,,,,,,,,,,,,,,
LHX,"L3Harris Technologies, Inc.",Industrials,Aerospace & Defense,,,,,,,,,,,,,,,,,,,,,,,,,,,,,
LIN,Linde plc,Basic Materials,Specialty Chemicals,,,,,,,,,,,,,,,,,,,,,,,,,,,,,
LKQ,LKQ Corporation,Consumer Cyclical,Auto Parts,,,,,,,,,,,,,,,,,,,,,,,,,,,,,
LLY,Eli Lilly and Company,Healthcare,Drug Manufacturers - General,,,,,,,,,,,,,,,,,,,,,,,,,,,,,
LMT,Lockheed Martin Corporation,Industrials,Aerospace & Defense,,,,,,,,,,,,,,,,,,,,,,,,,,,,,
LNC,Lincoln National Corporation,Financial,Insurance - Life,,,,,,,,,,,,,,,,,,,,,,,,,,,,,
LNT,Alliant Energy Corporation,Utilities,Utilities - Regulated Electric,,,,,,,,,,,,,,,,,,,,,,,,,,,,,
LOW,"Lowe's Companies, Inc.",Consumer Cyclical,Home Improvement Retail,,,,,,,,,,,,,,,,,,,,,,,,,,,,,
LRCX,Lam Research Corporation,Technology,Semiconductor Equipment & Materials,,,,,,,,,,,,,,,,,,,,,,,,,,,,,
LUV,Southwest Airlines Co.,Industrials,Airlines,,,,,,,,,,,,,,,,,,,,,,,,,,,,,
LVS,Las Vegas Sands Corp.,Consumer Cyclical,Resorts & Casinos,,,,,,,,,,,,,,,,,,,,,,,,,,,,,
LW,"Lamb Weston Holdings, Inc.",Consumer Defensive,Packaged Foods,,,,,,,,,,,,,,,,,,,,,,,,,,,,,
LYB,LyondellBasell Industries N.V.,Basic Materials,Specialty Chemicals,,,,,,,,,,,,,,,,,,,,,,,,,,,,,
LYV,"Live Nation Entertainment, Inc.",Communication Services,Entertainment,,,,,,,,,,,,,,,,,,,,,,,,,,,,,
MA,Mastercard Incorporated,Financial,Credit Services,,,,,,,,,,,,,,,,,,,,,,,,,,,,,
MAA,"Mid-America Apartment Communities, Inc.",Real Estate,REIT - Residential,,,,,,,,,,,,,,,,,,,,,,,,,,,,,
MAR,"Marriott International, Inc.",Consumer Cyclical,Lodging,,,,,,,,,,,,,,,,,,,,,,,,,,,,,
MAS,Masco Corporation,Industrials,Building Products & Equipment,,,,,,,,,,,,,,,,,,,,,,,,,,,,,
MCD,McDonald's Corporation,Consumer Cyclical,Restaurants,,,,,,,,,,,,,,,,,,,,,,,,,,,,,
MCHP,Microchip Technology Incorporated,Technology,Semiconductors,,,,,,,,,,,,,,,,,,,,,,,,,,,,,
MCK,McKesson Corporation,Healthcare,Medical Distribution,,,,,,,,,,,,,,,,,,,,,,,,,,,,,
MCO,Moody's Corporation,Financial,Financial Data & Stock Exchanges,,,,,,,,,,,,,,,,,,,,,,,,,,,,,
MDLZ,"Mondelez International, Inc.",Consumer Defensive,Confectioners,,,,,,,,,,,,,,,,,,,,,,,,,,,,,
MDT,Medtronic plc,Healthcare,Medical Devices,,,,,,,,,,,,,,,,,,,,,,,,,,,,,
MET,"MetLife, Inc.",Financial,Insurance - Life,,,,,,,,,,,,,,,,,,,,,,,,,,,,,
MGM,MGM Resorts International,Consumer Cyclical,Resorts & Casinos,,,,,,,,,,,,,,,,,,,,,,,,,,,,,
MHK,"Mohawk Industries, Inc.",Consumer Cyclical,"Furnishings, Fixtures & Appliances",,,,,,,,,,,,,,,,,,,,,,,,,,,,,
MKC,"McCormick & Company, Incorporated",Consumer Defensive,Packaged Foods,,,,,,,,,,,,,,,,,,,,,,,,,,,,,
MKTX,MarketAxess Holdings Inc.,Financial,Capital Markets,,,,,,,,,,,,,,,,,,,,,,,,,,,,,
MLM,"Martin Marietta Materials, Inc.",Basic Materials,Building Materials,,,,,,,,,,,,,,,,,,,,,,,,,,,,,
MMC,"Marsh & McLennan Companies, Inc.",Financial,Insurance Brokers,,,,,,,,,,,,,,,,,,,,,,,,,,,,,
MMM,3M Company,Industrials,Specialty Industrial Machinery,,,,,,,,,,,,,,,,,,,,,,,,,,,,,
MNST,Monster Beverage Corporation,Consumer Defensive,Beverages - Non-Alcoholic,,,,,,,,,,,,,,,,,,,,,,,,,,,,,
MO,"Altria Group, Inc.",Consumer Defensive,Tobacco,,,,,,,,,,,,,,,,,,,,,,,,,,,,,
MOS,The Mosaic Company,Basic Materials,Agricultural Inputs,,,,,,,,,,,,,,,,,,,,,,,,,,,,,
MPC,Marathon Petroleum Corporation,Energy,Oil & Gas Refining & Marketing,,,,,,,,,,,,,,,,,,,,,,,,,,,,,
MRK,"Merck & Co., Inc.",Healthcare,Drug Manufacturers - General,,,,,,,,,,,,,,,,,,,,,,,,,,,,,
MRO,Marathon Oil Corporation,Energy,Oil & Gas E&P,,,,,,,,,,,,,,,,,,,,,,,,,,,,,
MS,Morgan Stanley,Financial,Capital Markets,,,,,,,,,,,,,,,,,,,,,,,,,,,,,
MSCI,MSCI Inc.,Financial,Financial Data & Stock Exchanges,,,,,,,,,,,,,,,,,,,,,,,,,,,,,
MSFT,Microsoft Corporation,Technology,Software - Infrastructure,,,,,,,,,,,,,,,,,,,,,,,,,,,,,
MSI,"Motorola Solutions, Inc.",Technology,Communication Equipment,,,,,,,,,,,,,,,,,,,,,,,,,,,,,
MTB,M&T Bank Corporation,Financial,Banks - Regional,,,,,,,,,,,,,,,,,,,,,,,,,,,,,
MTD,Mettler-Toledo International Inc.,Healthcare,Diagnostics & Research,,,,,,,,,,,,,,,,,,,,,,,,,,,,,
MU,"Micron Technology, Inc.",Technology,Semiconductors,,,,,,,,,,,,,,,,,,,,,,,,,,,,,
MXIM,"Maxim Integrated Products, Inc.",Technology,Semiconductors,,,,,,,,,,,,,,,,,,,,,,,,,,,,,
MYL,"Mylan, Inc.",Healthcare,Drug Manufacturers - Specialty & Generic,,,,,,,,,,,,,,,,,,,,,,,,,,,,,
NBL,"Noble Energy, Inc.",Energy,Oil & Gas E&P,,,,,,,,,,,,,,,,,,,,,,,,,,,,,
NCLH,Norwegian Cruise Line Holdings Ltd.,Consumer Cyclical,Travel Services,,,,,,,,,,,,,,,,,,,,,,,,,,,,,
NDAQ,"Nasdaq, Inc.",Financial,Financial Data & Stock Exchanges,,,,,,,,,,,,,,,,,,,,,,,,,,,,,
NEE,"NextEra Energy, Inc.",Utilities,Utilities - Regulated Electric,,,,,,,,,,,,,,,,,,,,,,,,,,,,,
NEM,Newmont Corporation,Basic Materials,Gold,,,,,,,,,,,,,,,,,,,,,,,,,,,,,
NFLX,"Netflix, Inc.",Communication Services,Entertainment,,,,,,,,,,,,,,,,,,,,,,,,,,,,,
NI,NiSource Inc.,Utilities,Utilities - Regulated Gas,,,,,,,,,,,,,,,,,,,,,,,,,,,,,
NKE,"NIKE, Inc.",Consumer Cyclical,Footwear & Accessories,,,,,,,,,,,,,,,,,,,,,,,,,,,,,
NLOK,NortonLifeLock Inc.,Technology,Software - Infrastructure,,,,,,,,,,,,,,,,,,,,,,,,,,,,,
NLSN,Nielsen Holdings plc,Industrials,Consulting Services,,,,,,,,,,,,,,,,,,,,,,,,,,,,,
NOC,Northrop Grumman Corporation,Industrials,Aerospace & Defense,,,,,,,,,,,,,,,,,,,,,,,,,,,,,
NOV,"National Oilwell Varco, Inc.",Energy,Oil & Gas Equipment & Services,,,,,,,,,,,,,,,,,,,,,,,,,,,,,
NOW,"ServiceNow, Inc.",Technology,Software - Application,,,,,,,,,,,,,,,,,,,,,,,,,,,,,
NRG,"NRG Energy, Inc.",Utilities,Utilities - Independent Power Producers,,,,,,,,,,,,,,,,,,,,,,,,,,,,,
NSC,Norfolk Southern Corporation,Industrials,Railroads,,,,,,,,,,,,,,,,,,,,,,,,,,,,,
NTAP,"NetApp, Inc.",Technology,Computer Hardware,,,,,,,,,,,,,,,,,,,,,,,,,,,,,
NTRS,Northern Trust Corporation,Financial,Asset Management,,,,,,,,,,,,,,,,,,,,,,,,,,,,,
NUE,Nucor Corporation,Basic Materials,Steel,,,,,,,,,,,,,,,,,,,,,,,,,,,,,
NVDA,NVIDIA Corporation,Technology,Semiconductors,,,,,,,,,,,,,,,,,,,,,,,,,,,,,
NVR,"NVR, Inc.",Consumer Cyclical,Residential Construction,,,,,,,,,,,,,,,,,,,,,,,,,,,,,
NWL,Newell Brands Inc.,Consumer Defensive,Household & Personal Products,,,,,,,,,,,,,,,,,,,,,,,,,,,,,
NWS,News Corporation,Communication Services,Broadcasting,,,,,,,,,,,,,,,,,,,,,,,,,,,,,
NWSA,News Corporation,Communication Services,Broadcasting,,,,,,,,,,,,,,,,,,,,,,,,,,,,,
O,Realty Income Corporation,Real Estate,REIT - Retail,,,,,,,,,,,,,,,,,,,,,,,,,,,,,
ODFL,"Old Dominion Freight Line, Inc.",Industrials,Trucking,,,,,,,,,,,,,,,,,,,,,,,,,,,,,
OKE,"ONEOK, Inc.",Energy,Oil & Gas Midstream,,,,,,,,,,,,,,,,,,,,,,,,,,,,,
OMC,Omnicom Group Inc.,Communication Services,Advertising Agencies,,,,,,,,,,,,,,,,,,,,,,,,,,,,,
ORCL,Oracle Corporation,Technology,Software - Infrastructure,,,,,,,,,,,,,,,,,,,,,,,,,,,,,
ORLY,"O'Reilly Automotive, Inc.",Consumer Cyclical,Specialty Retail,,,,,,,,,,,,,,,,,,,,,,,,,,,,,
OTIS,Otis Worldwide Corporation,Industrials,Specialty Industrial Machinery,,,,,,,,,,,,,,,,,,,,,,,,,,,,,
OXY,Occidental Petroleum Corporation,Energy,Oil & Gas E&P,,,,,,,,,,,,,,,,,,,,,,,,,,,,,
PAYC,"Paycom Software, Inc.",Technology,Software - Application,,,,,,,,,,,,,,,,,,,,,,,,,,,,,
PAYX,"Paychex, Inc.",Industrials,Staffing & Employment Services,,,,,,,,,,,,,,,,,,,,,,,,,,,,,
PBCT,"People's United Financial, Inc.",Financial,Banks - Regional,,,,,,,,,,,,,,,,,,,,,,,,,,,,,
PCAR,PACCAR Inc,Industrials,Farm & Heavy Construction Machinery,,,,,,,,,,,,,,,,,,,,,,,,,,,,,
PEAK,"Healthpeak Properties, Inc.",Real Estate,REIT - Healthcare Facilities,,,,,,,,,,,,,,,,,,,,,,,,,,,,,
PEG,Public Service Enterprise Group Incorporated,Utilities,Utilities - Diversified,,,,,,,,,,,,,,,,,,,,,,,,,,,,,
PEP,"PepsiCo, Inc.",Consumer Defensive,Beverages - Non-Alcoholic,,,,,,,,,,,,,,,,,,,,,,,,,,,,,
PFE,Pfizer Inc.,Healthcare,Drug Manufacturers - General,,,,,,,,,,,,,,,,,,,,,,,,,,,,,
PFG,"Principal Financial Group, Inc.",Financial,Insurance - Diversified,,,,,,,,,,,,,,,,,,,,,,,,,,,,,
PG,The Procter & Gamble Company,Consumer Defensive,Household & Personal Products,,,,,,,,,,,,,,,,,,,,,,,,,,,,,
PGR,The Progressive Corporation,Financial,Insurance - Property & Casualty,,,,,,,,,,,,,,,,,,,,,,,,,,,,,
PH,Parker-Hannifin Corporation,Industrials,Specialty Industrial Machinery,,,,,,,,,,,,,,,,,,,,,,,,,,,,,
PHM,"PulteGroup, Inc.",Consumer Cyclical,Residential Construction,,,,,,,,,,,,,,,,,,,,,,,,,,,,,
PKG,Packaging Corporation of America,Consumer Cyclical,Packaging & Containers,,,,,,,,,,,,,,,,,,,,,,,,,,,,,
PKI,"PerkinElmer, Inc.",Healthcare,Diagnostics & Research,,,,,,,,,,,,,,,,,,,,,,,,,,,,,
PLD,"Prologis, Inc.",Real Estate,REIT - Industrial,,,,,,,,,,,,,,,,,,,,,,,,,,,,,
PM,Philip Morris International Inc.,Consumer Defensive,Tobacco,,,,,,,,,,,,,,,,,,,,,,,,,,,,,
PNC,"The PNC Financial Services Group, Inc.",Financial,Banks - Regional,,,,,,,,,,,,,,,,,,,,,,,,,,,,,
PNR,Pentair plc,Industrials,Specialty Industrial Machinery,,,,,,,,,,,,,,,,,,,,,,,,,,,,,
PNW,Pinnacle West Capital Corporation,Utilities,Utilities - Regulated Electric,,,,,,,,,,,,,,,,,,,,,,,,,,,,,
PPG,"PPG Industries, Inc.",Basic Materials,Specialty Chemicals,,,,,,,,,,,,,,,,,,,,,,,,,,,,,
PPL,PPL Corporation,Utilities,Utilities - Regulated Electric,,,,,,,,,,,,,,,,,,,,,,,,,,,,,
PRGO,Perrigo Company plc,Healthcare,Drug Manufacturers - Specialty & Generic,,,,,,,,,,,,,,,,,,,,,,,,,,,,,
PRU,"Prudential Financial, Inc.",Financial,Insurance - Life,,,,,,,,,,,,,,,,,,,,,,,,,,,,,
PSA,Public Storage,Real Estate,REIT - Industrial,,,,,,,,,,,,,,,,,,,,,,,,,,,,,
PSX,Phillips 66,Energy,Oil & Gas Refining & Marketing,,,,,,,,,,,,,,,,,,,,,,,,,,,,,
PVH,PVH Corp.,Consumer Cyclical,Apparel Manufacturing,,,,,,,,,,,,,,,,,,,,,,,,,,,,,
PWR,"Quanta Services, Inc.",Industrials,Engineering & Construction,,,,,,,,,,,,,,,,,,,,,,,,,,,,,
PXD,Pioneer Natural Resources Company,Energy,Oil & Gas E&P,,,,,,,,,,,,,,,,,,,,,,,,,,,,,
PYPL,"PayPal Holdings, Inc.",Financial,Credit Services,,,,,,,,,,,,,,,,,,,,,,,,,,,,,
QCOM,QUALCOMM Incorporated,Technology,Semiconductors,,,,,,,,,,,,,,,,,,,,,,,,,,,,,
QRVO,"Qorvo, Inc.",Technology,Semiconductors,,,,,,,,,,,,,,,,,,,,,,,,,,,,,
RCL,Royal Caribbean Cruises Ltd.,Consumer Cyclical,Travel Services,,,,,,,,,,,,,,,,,,,,,,,,,,,,,
RE,"Everest Re Group, Ltd.",Financial,Insurance - Reinsurance,,,,,,,,,,,,,,,,,,,,,,,,,,,,,
REG,Regency Centers Corporation,Real Estate,REIT - Retail,,,,,,,,,,,,,,,,,,,,,,,,,,,,,
REGN,"Regeneron Pharmaceuticals, Inc.",Healthcare,Biotechnology,,,,,,,,,,,,,,,,,,,,,,,,,,,,,
RF,Regions Financial Corporation,Financial,Banks - Regional,,,,,,,,,,,,,,,,,,,,,,,,,,,,,
RHI,Robert Half International Inc.,Industrials,Staffing & Employment Services,,,,,,,,,,,,,,,,,,,,,,,,,,,,,
RJF,"Raymond James Financial, Inc.",Financial,Capital Markets,,,,,,,,,,,,,,,,,,,,,,,,,,,,,
RL,Ralph Lauren Corporation,Consumer Cyclical,Apparel Manufacturing,,,,,,,,,,,,,,,,,,,,,,,,,,,,,
RMD,ResMed Inc.,Healthcare,Medical Instruments & Supplies,,,,,,,,,,,,,,,,,,,,,,,,,,,,,
ROK,"Rockwell Automation, Inc.",Industrials,Specialty Industrial Machinery,,,,,,,,,,,,,,,,,,,,,,,,,,,,,
ROL,"Rollins, Inc.",Consumer Cyclical,Personal Services,,,,,,,,,,,,,,,,,,,,,,,,,,,,,
ROP,"Roper Technologies, Inc.",Industrials,Specialty Industrial Machinery,,,,,,,,,,,,,,,,,,,,,,,,,,,,,
ROST,"Ross Stores, Inc.",Consumer Cyclical,Apparel Retail,,,,,,,,,,,,,,,,,,,,,,,,,,,,,
RSG,"Republic Services, Inc.",Industrials,Waste Management,,,,,,,,,,,,,,,,,,,,,,,,,,,,,
RTX,Raytheon Technologies Corporation,Industrials,Aerospace & Defense,,,,,,,,,,,,,,,,,,,,,,,,,,,,,
SBAC,SBA Communications Corporation (REIT),Real Estate,REIT - Specialty,,,,,,,,,,,,,,,,,,,,,,,,,,,,,
SBUX,Starbucks Corporation,Consumer Cyclical,Restaurants,,,,,,,,,,,,,,,,,,,,,,,,,,,,,
SCHW,The Charles Schwab Corporation,Financial,Capital Markets,,,,,,,,,,,,,,,,,,,,,,,,,,,,,
SEE,Sealed Air Corporation,Consumer Cyclical,Packaging & Containers,,,,,,,,,,,,,,,,,,,,,,,,,,,,,
SHW,The Sherwin-Williams Company,Basic Materials,Specialty Chemicals,,,,,,,,,,,,,,,,,,,,,,,,,,,,,
SIVB,SVB Financial Group,Financial,Banks - Regional,,,,,,,,,,,,,,,,,,,,,,,,,,,,,
SJM,The J. M. Smucker Company,Consumer Defensive,Packaged Foods,,,,,,,,,,,,,,,,,,,,,,,,,,,,,
SLB,Schlumberger Limited,Energy,Oil & Gas Equipment & Services,,,,,,,,,,,,,,,,,,,,,,,,,,,,,
SLG,SL Green Realty Corp.,Real Estate,REIT - Office,,,,,,,,,,,,,,,,,,,,,,,,,,,,,
SNA,Snap-on Incorporated,Industrials,Tools & Accessories,,,,,,,,,,,,,,,,,,,,,,,,,,,,,
SNPS,"Synopsys, Inc.",Technology,Software - Infrastructure,,,,,,,,,,,,,,,,,,,,,,,,,,,,,
SO,The Southern Company,Utilities,Utilities - Regulated Electric,,,,,,,,,,,,,,,,,,,,,,,,,,,,,
SPG,"Simon Property Group, Inc.",Real Estate,REIT - Retail,,,,,,,,,,,,,,,,,,,,,,,,,,,,,
SPGI,S&P Global Inc.,Financial,Financial Data & Stock Exchanges,,,,,,,,,,,,,,,,,,,,,,,,,,,,,
SRE,Sempra Energy,Utilities,Utilities - Diversified,,,,,,,,,,,,,,,,,,,,,,,,,,,,,
STE,STERIS plc,Healthcare,Medical Instruments & Supplies,,,,,,,,,,,,,,,,,,,,,,,,,,,,,
STT,State Street Corporation,Financial,Asset Management,,,,,,,,,,,,,,,,,,,,,,,,,,,,,
STX,Seagate Technology plc,Technology,Computer Hardware,,,,,,,,,,,,,,,,,,,,,,,,,,,,,
STZ,"Constellation Brands, Inc.",Consumer Defensive,Beverages - Wineries & Distilleries,,,,,,,,,,,,,,,,,,,,,,,,,,,,,
SWK,"Stanley Black & Decker, Inc.",Industrials,Tools & Accessories,,,,,,,,,,,,,,,,,,,,,,,,,,,,,
SWKS,"Skyworks Solutions, Inc.",Technology,Semiconductors,,,,,,,,,,,,,,,,,,,,,,,,,,,,,
SYF,Synchrony Financial,Financial,Credit Services,,,,,,,,,,,,,,,,,,,,,,,,,,,,,
SYK,Stryker Corporation,Healthcare,Medical Devices,,,,,,,,,,,,,,,,,,,,,,,,,,,,,
SYY,Sysco Corporation,Consumer Defensive,Food Distribution,,,,,,,,,,,,,,,,,,,,,,,,,,,,,
T,AT&T Inc.,Communication Services,Telecom Services,,,,,,,,,,,,,,,,,,,,,,,,,,,,,
TAP,Molson Coors Beverage Company,Consumer Defensive,Beverages - Brewers,,,,,,,,,,,,,,,,,,,,,,,,,,,,,
TDG,TransDigm Group Incorporated,Industrials,Aerospace & Defense,,,,,,,,,,,,,,,,,,,,,,,,,,,,,
TDY,Teledyne Technologies Incorporated,Technology,Scientific & Technical Instruments,,,,,,,,,,,,,,,,,,,,,,,,,,,,,
TEL,TE Connectivity Ltd.,Technology,Electronic Components,,,,,,,,,,,,,,,,,,,,,,,,,,,,,
TFC,Truist Financial Corporation,Financial,Banks - Regional,,,,,,,,,,,,,,,,,,,,,,,,,,,,,
TFX,Teleflex Incorporated,Healthcare,Medical Instruments & Supplies,,,,,,,,,,,,,,,,,,,,,,,,,,,,,
TGT,Target Corporation,Consumer Defensive,Discount Stores,,,,,,,,,,,,,,,,,,,,,,,,,,,,,
TIF,Tiffany & Co.,Consumer Cyclical,Luxury Goods,,,,,,,,,,,,,,,,,,,,,,,,,,,,,
TJX,"The TJX Companies, Inc.",Consumer Cyclical,Apparel Retail,,,,,,,,,,,,,,,,,,,,,,,,,,,,,
TMO,Thermo Fisher Scientific Inc.,Healthcare,Diagnostics & Research,,,,,,,,,,,,,,,,,,,,,,,,,,,,,
TMUS,"T-Mobile US, Inc.",Communication Services,Telecom Services,,,,,,,,,,,,,,,,,,,,,,,,,,,,,
TPR,"Tapestry, Inc.",Consumer Cyclical,Luxury Goods,,,,,,,,,,,,,,,,,,,,,,,,,,,,,
TROW,"T. Rowe Price Group, Inc.",Financial,Asset Management,,,,,,,,,,,,,,,,,,,,,,,,,,,,,
TRV,"The Travelers Companies, Inc.",Financial,Insurance - Property & Casualty,,,,,,,,,,,,,,,,,,,,,,,,,,,,,
TSCO,Tractor Supply Company,Consumer Cyclical,Specialty Retail,,,,,,,,,,,,,,,,,,,,,,,,,,,,,
TSN,"Tyson Foods, Inc.",Consumer Defensive,Farm Products,,,,,,,,,,,,,,,,,,,,,,,,,,,,,
TT,Trane Technologies plc,Industrials,Specialty Industrial Machinery,,,,,,,,,,,,,,,,,,,,,,,,,,,,,
TTWO,"Take-Two Interactive Software, Inc.",Communication Services,Electronic Gaming & Multimedia,,,,,,,,,,,,,,,,,,,,,,,,,,,,,
TWTR,"Twitter, Inc.",Communication Services,Internet Content & Information,,,,,,,,,,,,,,,,,,,,,,,,,,,,,
TXN,Texas Instruments Incorporated,Technology,Semiconductors,,,,,,,,,,,,,,,,,,,,,,,,,,,,,
TXT,Textron Inc.,Industrials,Aerospace & Defense,,,,,,,,,,,,,,,,,,,,,,,,,,,,,
TYL,"Tyler Technologies, Inc.",Technology,Software - Application,,,,,,,,,,,,,,,,,,,,,,,,,,,,,
UA,"Under Armour, Inc.",Consumer Cyclical,Apparel Manufacturing,,,,,,,,,,,,,,,,,,,,,,,,,,,,,
UAA,"Under Armour, Inc.",Consumer Cyclical,Apparel Manufacturing,,,,,,,,,,,,,,,,,,,,,,,,,,,,,
UAL,"United Airlines Holdings, Inc.",Industrials,Airlines,,,,,,,,,,,,,,,,,,,,,,,,,,,,,
UDR,"UDR, Inc.",Real Estate,REIT - Residential,,,,,,,,,,,,,,,,,,,,,,,,,,,,,
UHS,"Universal Health Services, Inc.",Healthcare,Medical Care Facilities,,,,,,,,,,,,,,,,,,,,,,,,,,,,,
ULTA,"Ulta Beauty, Inc.",Consumer Cyclical,Specialty Retail,,,,,,,,,,,,,,,,,,,,,,,,,,,,,
UNH,UnitedHealth Group Incorporated,Healthcare,Healthcare Plans,,,,,,,,,,,,,,,,,,,,,,,,,,,,,
UNM,Unum Group,Financial,Insurance - Life,,,,,,,,,,,,,,,,,,,,,,,,,,,,,
UNP,Union Pacific Corporation,Industrials,Railroads,,,,,,,,,,,,,,,,,,,,,,,,,,,,,
UPS,"United Parcel Service, Inc.",Industrials,Integrated Freight & Logistics,,,,,,,,,,,,,,,,,,,,,,,,,,,,,
URI,"United Rentals, Inc.",Industrials,Rental & Leasing Services,,,,,,,,,,,,,,,,,,,,,,,,,,,,,
USB,U.S. Bancorp,Financial,Banks - Regional,,,,,,,,,,,,,,,,,,,,,,,,,,,,,
V,Visa Inc.,Financial,Credit Services,,,,,,,,,,,,,,,,,,,,,,,,,,,,,
VAR,"Varian Medical Systems, Inc.",Healthcare,Medical Instruments & Supplies,,,,,,,,,,,,,,,,,,,,,,,,,,,,,
VFC,V.F. Corporation,Consumer Cyclical,Apparel Manufacturing,,,,,,,,,,,,,,,,,,,,,,,,,,,,,
VIAC,ViacomCBS Inc.,Communication Services,Entertainment,,,,,,,,,,,,,,,,,,,,,,,,,,,,,
VLO,Valero Energy Corporation,Energy,Oil & Gas Refining & Marketing,,,,,,,,,,,,,,,,,,,,,,,,,,,,,
VMC,Vulcan Materials Company,Basic Materials,Building Materials,,,,,,,,,,,,,,,,,,,,,,,,,,,,,
VNO,Vornado Realty Trust,Real Estate,REIT - Office,,,,,,,,,,,,,,,,,,,,,,,,,,,,,
VRSK,"Verisk Analytics, Inc.",Industrials,Consulting Services,,,,,,,,,,,,,,,,,,,,,,,,,,,,,
VRSN,"VeriSign, Inc.",Technology,Software - Infrastructure,,,,,,,,,,,,,,,,,,,,,,,,,,,,,
VRTX,Vertex Pharmaceuticals Incorporated,Healthcare,Biotechnology,,,,,,,,,,,,,,,,,,,,,,,,,,,,,
VTR,"Ventas, Inc.",Real Estate,REIT - Healthcare Facilities,,,,,,,,,,,,,,,,,,,,,,,,,,,,,
VZ,Verizon Communications Inc.,Communication Services,Telecom Services,,,,,,,,,,,,,,,,,,,,,,,,,,,,,
WAB,Wabtec Corporation,Industrials,Railroads,,,,,,,,,,,,,,,,,,,,,,,,,,,,,
WAT,Waters Corporation,Healthcare,Diagnostics & Research,,,,,,,,,,,,,,,,,,,,,,,,,,,,,
WBA,"Walgreens Boots Alliance, Inc.",Healthcare,Pharmaceutical Retailers,,,,,,,,,,,,,,,,,,,,,,,,,,,,,
WDC,Western Digital Corporation,Technology,Computer Hardware,,,,,,,,,,,,,,,,,,,,,,,,,,,,,
WEC,"WEC Energy Group, Inc.",Utilities,Utilities - Regulated Electric,,,,,,,,,,,,,,,,,,,,,,,,,,,,,
WELL,Welltower Inc.,Real Estate,REIT - Healthcare Facilities,,,,,,,,,,,,,,,,,,,,,,,,,,,,,
WFC,Wells Fargo & Company,Financial,Banks - Diversified,,,,,,,,,,,,,,,,,,,,,,,,,,,,,
WHR,Whirlpool Corporation,Consumer Cyclical,"Furnishings, Fixtures & Appliances",,,,,,,,,,,,,,,,,,,,,,,,,,,,,
WLTW,Willis Towers Watson Public Limited Company,Financial,Insurance Brokers,,,,,,,,,,,,,,,,,,,,,,,,,,,,,
WM,"Waste Management, Inc.",Industrials,Waste Management,,,,,,,,,,,,,,,,,,,,,,,,,,,,,
WMB,"The Williams Companies, Inc.",Energy,Oil & Gas Midstream,,,,,,,,,,,,,,,,,,,,,,,,,,,,,
WMT,Walmart Inc.,Consumer Defensive,Discount Stores,,,,,,,,,,,,,,,,,,,,,,,,,,,,,
WRB,W. R. Berkley Corporation,Financial,Insurance - Property & Casualty,,,,,,,,,,,,,,,,,,,,,,,,,,,,,
WRK,WestRock Company,Consumer Cyclical,Packaging & Containers,,,,,,,,,,,,,,,,,,,,,,,,,,,,,
WST,"West Pharmaceutical Services, Inc.",Healthcare,Medical Instruments & Supplies,,,,,,,,,,,,,,,,,,,,,,,,,,,,,
WU,The Western Union Company,Financial,Credit Services,,,,,,,,,,,,,,,,,,,,,,,,,,,,,
WY,Weyerhaeuser Company,Real Estate,REIT - Specialty,,,,,,,,,,,,,,,,,,,,,,,,,,,,,
WYNN,"Wynn Resorts, Limited",Consumer Cyclical,Resorts & Casinos,,,,,,,,,,,,,,,,,,,,,,,,,,,,,
XEL,Xcel Energy Inc.,Utilities,Utilities - Regulated Electric,,,,,,,,,,,,,,,,,,,,,,,,,,,,,
XLNX,"Xilinx, Inc.",Technology,Semiconductors,,,,,,,,,,,,,,,,,,,,,,,,,,,,,
XOM,Exxon Mobil Corporation,Energy,Oil & Gas Integrated,,,,,,,,,,,,,,,,,,,,,,,,,,,,,
XRAY,DENTSPLY SIRONA Inc.,Healthcare,Medical Instruments & Supplies,,,,,,,,,,,,,,,,,,,,,,,,,,,,,
XRX,Xerox Holdings Corporation,Technology,Information Technology Services,,,,,,,,,,,,,,,,,,,,,,,,,,,,,
XYL,Xylem Inc.,Industrials,Specialty Industrial Machinery,,,,,,,,,,,,,,,,,,,,,,,,,,,,,
YUM,"Yum! Brands, Inc.",Consumer Cyclical,Restaurants,,,,,,,,,,,,,,,,,,,,,,,,,,,,,
ZBH,"Zimmer Biomet Holdings, Inc.",Healthcare,Medical Devices,,,,,,,,,,,,,,,,,,,,,,,,,,,,,
ZBRA,Zebra Technologies Corporation,Technology,Communication Equipment,,,,,,,,,,,,,,,,,,,,,,,,,,,,,
ZION,"Zions Bancorporation, National Association",Financial,Banks - Regional,,,,,,,,,,,,,,,,,,,,,,,,,,,,,
ZTS,Zoetis Inc.,Healthcare,Drug Manufacturers - Specialty & Generic,,,,,,,,,,,,,,,,,,,,,,,,,,,,,
